﻿Designator,Footprint,Quantity,Value,LCSC Part #
"_6, _5, _4, _3, _2, ",,6,,
AE1,ESP32_ZERO_ANT,1,CA-C03,
BT1,WLY902025,1,3.7V 400mAh,
BZ1,CL9032A-CLDZ-SMD Passive Buzzer,1,Buzzer,
"C1, C2",0201,2,14pF,
"C10, C11, C23, C9",0402,4,0.1uF,
C12,0402,1,0R,
C13,0402,1,4.7nF,
C14,0603,1,10nF,
"C15, C17",0603,2,0.1uF,
C16,0603,1,2.2nF,
C18,0603,1,0.1u,
C19,0603,1,1uF,
"C20, C21, C25, C26, C27, C29, C30, C31",0603,8,4.7uF,
"C22, C7",0402,2,10uF,
C24,0603,1,10uF,
C28,0603,1,220pF,
"C3, C4",0201,2,12pF,
"C5, C8",0402,2,1uF,
C6,0402,1,10nF,
D1,XL-0807RGBC-WS2812B,1,WS2812B-0807,
"D2, D3, D4",D_SOD-323F,3,ZLLS410TA,
DS1,GC9A01_BOTTOM,1,GC9A01,
J1,USB_C_Receptacle_XKB_U262-16XN-4BVC11,1,USB_C_Receptacle_USB2.0_16P,
"J3, J4",PinHeader_2x06_P1.27mm_Vertical_SMD,2,Conn_02x06_Odd_Even,
L1,0402,1,2nH,
L2,0402,1,5.6nH,
L3,L_Cenker_CKCS3012,1,3.3uH,"
NRH2410T3R3MN"
"MOUSE-BITE-2.54MM-SLOT_3, MOUSE-BITE-2.54MM-SLOT_2, MOUSE-BITE-2.54MM-SLOT",mouse-bite-2.54mm-slot,3,VAL**,
"Q1, Q2, Q4, Q9",SOT-23,4,DMG6968U,
"Q3, Q8",SOT-23-3,2,DMP1045U-7,
"Q5, Q6, Q7",SOT-23,3,BSS138,
"R1, R2",0402,2,5K1,
R10,0402,1,47K,
"R11, R12, R15, R16",0402,4,4.7K,
"R13, R14, R28, R29, R30, R38, R39, R41, R42, R43, R48, R49, R51, R52, R53",0402,15,0,
"R17, R24, R3, R31, R32, R33, R34, R37, R44, R45, R47, R5, R50",0402,13,10K,
"R18, R25",0402,2,1M,
"R19, R7, R8",0402,3,22,
R20,0402,1,22K,
"R21, R22",0402,2,220,
"R23, R4",0402,2,5M,
R26,0402,1,100K,
R27,0402,1,51K,
"R35, R36",0402,2,K10K,
"R40, R6",0402,2,1K,
"R46, R9",0402,2,100,
"SW1, SW2",Tact Switch-TK-074-4 Pin SMD,2,TK-074-4,
"TP1, TP2",TestPoint_Pad_D1.0mm,2,TestPoint,
U1,QFN-56-1EP_7x7mm_P0.4mm_EP4x4mm,1,ESP32-S3FH4R2,
U2,SON50P300X200X80-7N-D,1,LTC3549EDCB#TRMPBF,
U3,InvenSense_QFN-24_4x4mm_P0.5mm,1,MPU-6050,
U4,SOT-23-5,1,MCP73832-2-OT,
U5,SOT-23-5,1,ME6217C33M5G,
U7,RYS8830,1,RYS8830,
U8,SOT-23-3,1,S-1206B18-M3T1G,
Y1,Crystal_SMD_2016-4Pin_2.0x1.6mm,1,40MHz,
Y2,Crystal_SMD_EuroQuartz_EQ161-2Pin_3.2x1.5mm,1,32.768KHz,
